staff_id,first_name,last_name,specialty,department,experience_years,employment_status,shift_start_time,shift_end_time,weekly_hours,hourly_rate,email,phone,hire_date,certification_expiry
STF001,Jane,Martin,Nurse Practitioner,Nursing,22,Full-time,08:00,18:00,44,106.08,jane.martin@gmail.com,-8173,12-05-2017,11-06-2027
STF002,Joseph,Lopez,Registered Nurse,Nursing,24,Part-time,09:00,19:00,38,98.9,joseph.lopez@clinic.com,-7684,11-07-2022,02-05-2027
STF003,James,Anderson,Anesthesiologist,Surgery,5,Full-time,09:00,18:00,35,146.16,james.anderson@clinic.com,-2347,30-05-2023,
STF004,James,Martin,Lab Technician,Andrology,21,Full-time,08:00,18:00,41,52.06,james.martin@hospital.org,-9786,24-11-2017,02-07-2026
STF005,Amanda,Hernandez,Registered Nurse,Ultrasound,6,Full-time,09:00,19:00,39,25.4,amanda.hernandez@clinic.com,-9575,29-09-2018,
STF006,John,Anderson,Andrologist,Andrology,17,Contract,10:00,18:00,45,135.09,john.anderson@clinic.com,-5103,01-08-2020,
STF007,Emily,Wilson,Registered Nurse,Ultrasound,14,Full-time,10:00,17:00,42,110.17,emily.wilson@gmail.com,-11308,08-06-2018,20-12-2025
STF008,Robert,Lopez,Counselor,Counseling,25,Full-time,08:00,18:00,42,83.38,,-4104,22-11-2020,24-07-2026
STF009,Thomas,Williams,Nurse Practitioner,Nursing,11,Full-time,10:00,18:00,37,100.92,thomas.williams@clinic.com,-7999,11-11-2018,
STF010,Jessica,Martin,Nurse Practitioner,Reproductive Endocrinology,17,Contract,10:00,17:00,35,32.91,jessica.martin@gmail.com,-5475,02-06-2017,23-09-2026
STF011,David,Miller,Ultrasound Technician,Ultrasound,4,Part-time,09:00,19:00,39,94.03,david.miller@clinic.com,-4899,05-01-2016,23-12-2026
STF012,Sarah,Garcia,Ultrasound Technician,Ultrasound,18,On-leave,08:00,19:00,37,82.77,sarah.garcia@outlook.com,-5759,21-09-2021,23-06-2026
STF013,Sarah,Williams,Lab Technician,Andrology,22,Full-time,23:00,06:00,37,79.09,sarah.williams@gmail.com,-3186,02-07-2021,21-03-2026
STF014,Nicole,Miller,Andrologist,Andrology,13,Full-time,23:00,07:00,29,55.29,nicole.miller@outlook.com,-7556,26-01-2023,20-09-2026
STF015,Jane,Davis,Anesthesiologist,Surgery,19,Full-time,10:00,17:00,42,50.54,,-9821,02-11-2015,03-01-2027
STF016,Amanda,Miller,Counselor,Counseling,23,Part-time,10:00,19:00,38,83.23,amanda.miller@clinic.com,-6832,05-06-2019,03-08-2027
STF017,Joseph,Taylor,Registered Nurse,Nursing,16,Full-time,22:00,14:00,42,85.02,joseph.taylor@outlook.com,-10282,01-08-2020,25-02-2027
DOC018,Jennifer,Smith,Reproductive Endocrinologist,Reproductive Endocrinology,24,Full-time,10:00,18:00,36,64.59,jennifer.smith@yahoo.com,-7560,21-06-2017,
STF019,Jennifer,Smith,Embryologist,Embryology Lab,15,Part-time,09:00,17:00,38,32.03,jennifer.smith@gmail.com,-3214,07-01-2017,16-06-2027
STF020,Michelle,Gonzalez,Nurse Practitioner,Reproductive Endocrinology,1,Full-time,08:00,19:00,36,135.28,michelle.gonzalez@outlook.com,-5507,25-01-2023,11-09-2026
STF021,Michelle,Gonzalez,Registered Nurse,Nursing,12,Full-time,08:00,17:00,42,76.86,michelle.gonzalez@outlook.com,-9754,24-04-2015,23-04-2026
STF022,Robert,Anderson,Nurse Practitioner,Reproductive Endocrinology,10,Full-time,08:00,17:00,45,95.71,robert.anderson@hospital.org,-3446,22-08-2019,20-11-2025
STF023,John,Smith,Lab Technician,Embryology Lab,11,Full-time,06:00,14:00,51,131.9,john.smith@yahoo.com,-9002,14-01-2018,26-03-2025
STF024,Michael,Williams,Counselor,Counseling,3,Part-time,09:00,19:00,38,113.47,michael.williams@gmail.com,-7295,01-06-2021,13-04-2027
STF025,Richard,Martin,Lab Technician,Embryology Lab,9,Full-time,09:00,17:00,40,139.1,richard.martin@outlook.com,-10620,13-06-2024,10-02-2027
STF026,John,Rodriguez,Nurse Practitioner,Nursing,14,Full-time,09:00,19:00,43,119.61,john.rodriguez@outlook.com,-3373,02-10-2023,05-10-2027
STF027,Joseph,Garcia,Andrologist,Andrology,3,Full-time,09:00,19:00,35,95.94,joseph.garcia@clinic.com,-3415,12-07-2022,08-11-2026
STF028,Nicole,Garcia,Registered Nurse,Nursing,9,Full-time,09:00,17:00,39,118.32,nicole.garcia@hospital.org,-6082,31-12-2021,18-06-2026
STF029,Ashley,Smith,Anesthesiologist,Surgery,17,Full-time,08:00,18:00,45,107.24,ashley.smith@gmail.com,-6889,24-08-2023,22-04-2027
STF030,Jane,Martinez,Registered Nurse,Ultrasound,13,Full-time,08:00,17:00,42,107.43,jane.martinez@gmail.com,-10928,18-11-2015,22-01-2025
STF031,James,Davis,Ultrasound Technician,Ultrasound,2,Full-time,10:00,17:00,45,64.11,james.davis@hospital.org,-9976,12-05-2016,21-06-2025
STF032,Jessica,Smith,Nurse Practitioner,Reproductive Endocrinology,18,Full-time,06:00,06:00,40,56.3,jessica.smith@clinic.com,-11035,07-09-2020,24-01-2027
STF033,Joseph,Wilson,Registered Nurse,Nursing,6,Full-time,08:00,19:00,37,94.15,joseph.wilson@clinic.com,-10277,10-08-2017,29-08-2025
DOC034,Sarah,Lopez,Reproductive Endocrinologist,Reproductive Endocrinology,23,Full-time,09:00,18:00,39,31.8,sarah.lopez@yahoo.com,-11293,15-11-2020,29-07-2025
STF035,Amanda,Jackson,Counselor,Counseling,3,Part-time,10:00,19:00,35,47.05,amanda.jackson@outlook.com,-8986,07-09-2023,10-04-2027
