equipment_id,equipment_type,brand,model,serial_number,room_id,status,purchase_date,purchase_cost,last_maintenance_date,next_maintenance_due,utilization_hours_per_day,department
EQP0001,Ultrasound Machine,Health Systems Pro,Model-W346,SNTO04TFRX,ROOM15,Available,12-09-2020,3316.01,26-10-2025,21-01-2026,14.4,Andrology
EQP0002,Anesthesia Machine,Advanced Medical Systems,Model-M976,SNM5DEPNCZ,ROOM02,Available,27-06-2021,20431.81,21-12-2024,22-04-2025,3.9,Counseling
EQP0003,Time-lapse System,Clinical Solutions Ltd,Model-R919,SNSGFCFLJB,ROOM15,Available,16-04-2022,14143.36,21-01-2024,12-07-2024,8,Reproductive Endocrinology
EQP0004,Examination Bed,Advanced Medical Systems,Model-W873,SN46WKECBA,ROOM19,Available,05-08-2022,48047.15,11-06-2025,17-07-2025,12.1,Andrology
EQP0005,Time-lapse System,Advanced Medical Systems,Model-P481,SNCZLXOZV4,ROOM20,Available,22-01-2020,43247.94,28-01-2025,10-05-2025,4.5,Ultrasound
EQP0006,Ultrasound Machine,Advanced Medical Systems,Model-A802,SNW803CQEX,ROOM02,Available,06-08-2023,19048.09,11-04-2025,23-05-2025,14.4,Reproductive Endocrinology
EQP0007,Anesthesia Machine,Medical Devices Inc,Model-Z102,SNT86LR6SA,ROOM15,Available,01-11-2021,26015.54,25-01-2024,22-05-2024,5,Embryology Lab
EQP0008,Ultrasound Machine,Clinical Solutions Ltd,Model-V879,SNNFTC46EL,ROOM12,Available,25-02-2020,28090.03,,,11.5,Reproductive Endocrinology
EQP0009,Centrifuge,MedTech Solutions,Model-P364,SN9WY5WDA0,ROOM02,Retired,30-01-2023,35946.06,,,11.8,Andrology
EQP0010,Incubator,Clinical Solutions Ltd,Model-H623,SNLU6H2FOW,ROOM15,Available,11-04-2022,29611.87,08-08-2025,17-09-2025,9.1,Embryology Lab
EQP0011,Laser System,Precision Healthcare,Model-T188,SNN4VNBOOB,ROOM05,Available,05-07-2023,11053.98,06-05-2024,20-10-2024,15.8,Reproductive Endocrinology
EQP0012,Anesthesia Machine,Precision Healthcare,Model-L530,SNHPU5PHPY,ROOM18,Available,25-04-2021,30212.85,18-11-2024,22-03-2025,0.5,Ultrasound
EQP0013,Anesthesia Machine,MedTech Solutions,Model-E303,SNLDKZ27DQ,ROOM01,Available,25-02-2023,12752.82,24-02-2025,04-05-2025,13,Embryology Lab
EQP0014,Centrifuge,MedTech Solutions,Model-Y417,,ROOM08,In Use,18-11-2024,13666.78,06-06-2024,11-10-2024,6.9,Andrology
EQP0015,Freezer,Clinical Solutions Ltd,Model-G642,SNBRFBFL0V,ROOM02,Available,26-08-2021,11052.78,30-05-2025,19-08-2025,3,Counseling
EQP0016,Ultrasound Machine,Healthcare Innovations,Model-A676,SNUBV9TKRW,ROOM17,Maintenance,22-08-2024,20412.5,,,13.4,Nursing
EQP0017,Freezer,Healthcare Innovations,Model-F598,,ROOM19,Available,11-07-2020,25705.73,12-02-2025,01-06-2025,11.6,Embryology Lab
EQP0018,Sperm Analyzer,Clinical Solutions Ltd,Model-T553,SNGYNSATCQ,ROOM01,Available,07-06-2022,30872.56,13-04-2024,13-06-2024,0.7,Reproductive Endocrinology
EQP0019,Operating Table,Precision Healthcare,Model-R352,SNHUAT45J6,ROOM07,Available,10-11-2022,419334.66,15-02-2024,30-06-2024,14.4,Andrology
EQP0020,Operating Table,Health Systems Pro,Model-J157,SNNY6WNGHY,ROOM11,Available,05-05-2025,37637.02,,,10.2,Andrology
EQP0021,Centrifuge,Clinical Solutions Ltd,Model-A394,SNXT0AZQG9,ROOM03,Available,28-09-2023,7209.44,03-09-2024,23-12-2024,7.8,Surgery
EQP0022,Incubator,Precision Healthcare,Model-H301,SNI0HC39ER,ROOM04,Available,27-07-2025,30512.15,03-10-2024,21-03-2025,2.5,Embryology Lab
EQP0023,Embryo Transfer Catheter,Healthcare Innovations,Model-K552,SN3M5RPBLA,ROOM15,Available,20-04-2023,1664.08,14-02-2025,28-06-2025,15.5,Embryology Lab
EQP0024,Incubator,Clinical Solutions Ltd,Model-F724,SNVZSLPWLM,ROOM06,Available,12-08-2020,21673.63,08-12-2024,05-05-2025,2.6,Surgery
EQP0025,Time-lapse System,Advanced Medical Systems,Model-H730,SNQJPAL1DS,ROOM05,In Use,11-04-2022,33875.06,26-08-2024,09-02-2025,10.7,Ultrasound
EQP0026,Operating Table,Clinical Solutions Ltd,Model-I756,SNOFXJX0GO,ROOM18,Available,31-07-2020,20670.76,,,9,Andrology
EQP0027,Centrifuge,Health Systems Pro,Model-N982,,ROOM10,Available,17-05-2024,8283.65,23-02-2024,02-04-2024,9.4,Nursing
EQP0028,Incubator,Advanced Medical Systems,Model-B155,SNK2U4AVPM,ROOM04,Available,27-04-2025,16238.11,12-11-2024,23-04-2025,13.9,Counseling
EQP0029,Time-lapse System,Clinical Solutions Ltd,Model-V944,SNE0RK1Y2A,ROOM07,Available,19-08-2020,34064.35,13-05-2024,17-10-2024,12.4,Embryology Lab
EQP0030,Microscope,Healthcare Innovations,Model-P195,SND9N1O5BQ,ROOM07,Available,01-11-2022,4220.53,17-02-2025,19-03-2025,10.2,Andrology
EQP0031,Ultrasound Machine,Medical Devices Inc,Model-B967,SN8OG996JL,ROOM11,In Use,27-02-2022,45963.07,27-02-2025,09-06-2025,8,Nursing
EQP0032,Laser System,Medical Devices Inc,Model-T754,SN4C9ASZ5G,ROOM18,Maintenance,14-07-2025,25428.11,16-07-2025,04-11-2025,9,Surgery
EQP0033,Microscope,Precision Healthcare,Model-X336,SNC0Y5F2T2,ROOM01,Available,05-10-2022,5849.53,20-02-2024,24-04-2024,9.6,Nursing
EQP0034,Freezer,MedTech Solutions,Model-J977,SNZK1I19VL,ROOM16,In Use,04-02-2025,36841.6,25-05-2025,27-07-2025,4.2,Surgery
EQP0035,Aspiration Needle,Healthcare Innovations,Model-A132,SNOJWF50SX,ROOM20,Available,16-12-2024,31763.13,11-01-2024,02-07-2024,4.7,Embryology Lab
EQP0036,Anesthesia Machine,BioMed Corp,Model-J628,SNSUINJESP,ROOM19,Available,19-10-2020,120125.07,26-04-2025,26-05-2025,5.5,Andrology
EQP0037,Freezer,Advanced Medical Systems,Model-J309,SNUUN4TJJ9,ROOM09,Available,01-02-2023,49701.11,29-04-2024,12-06-2024,11.5,Nursing
EQP0038,Embryo Transfer Catheter,Precision Healthcare,Model-K734,SNA1OXC0VV,ROOM01,Available,19-04-2025,39387.5,05-04-2025,27-06-2025,15.9,Surgery
EQP0039,Examination Bed,Advanced Medical Systems,Model-Y575,SNESCDCOWD,ROOM15,Available,31-07-2020,38640.2,,,7.8,Andrology
EQP0040,Examination Bed,Advanced Medical Systems,Model-E537,SNBANXAOEY,ROOM11,Available,29-01-2025,43802.62,18-09-2024,26-11-2024,0.1,Counseling
EQP0041,Freezer,Advanced Medical Systems,Model-T703,SNVB0BS90X,ROOM20,Available,15-11-2024,17111.77,25-05-2025,12-08-2025,6.2,Counseling
EQP0042,Incubator,BioMed Corp,Model-X719,SN3KJDYVY9,ROOM01,Available,16-02-2021,9113.35,05-08-2025,20-12-2025,12.9,Andrology
EQP0043,Incubator,Advanced Medical Systems,Model-G172,SNL0LRK4T0,ROOM15,Available,21-07-2022,36994.15,,,1.1,Surgery
EQP0044,Centrifuge,MedTech Solutions,Model-Z144,SNX3LNC304,ROOM06,Maintenance,04-08-2025,1999.31,25-05-2024,06-11-2024,6.8,Surgery
EQP0045,Anesthesia Machine,MedTech Solutions,Model-U904,SN1M3S65Q1,ROOM14,Available,02-03-2022,44976.27,29-11-2024,22-01-2025,9.8,Reproductive Endocrinology
EQP0046,Sperm Analyzer,Health Systems Pro,Model-Y291,SN654NVGUW,ROOM06,Available,06-06-2024,42284.67,24-05-2025,01-11-2025,10.8,Nursing
EQP0047,Sperm Analyzer,Precision Healthcare,Model-U406,SNGC5FJ2TE,ROOM09,Available,01-01-2023,36912.24,01-04-2025,30-05-2025,9.5,Ultrasound
EQP0048,Time-lapse System,BioMed Corp,Model-Y604,SNXLY81XGJ,ROOM15,Available,31-10-2020,386630.22,11-08-2025,09-12-2025,7.2,Embryology Lab
EQP0049,Laser System,Health Systems Pro,Model-O233,SNWTAQLDTM,ROOM01,Available,07-05-2025,10383.07,,,5.7,Reproductive Endocrinology
EQP0050,Laminar Flow Hood,Precision Healthcare,Model-H378,SNK0O8COOQ,ROOM01,Available,28-11-2020,17311.81,,,0,Embryology Lab
EQP0051,Time-lapse System,Clinical Solutions Ltd,Model-P408,SNXMNKN444,ROOM03,Available,28-08-2020,29809.52,16-07-2024,09-11-2024,0,Ultrasound
EQP0052,Sperm Analyzer,Health Systems Pro,Model-D957,SNW22FIWK5,ROOM13,Available,01-10-2023,32186.93,14-11-2024,08-02-2025,13.6,Nursing
EQP0053,Centrifuge,Advanced Medical Systems,Model-B689,SN42L15FV8,ROOM13,Available,01-04-2021,21475.19,,,5.6,Reproductive Endocrinology
EQP0054,Freezer,Clinical Solutions Ltd,Model-O723,SNE4PEVH4Q,ROOM14,Available,10-04-2022,23545.94,,,1.7,Ultrasound
EQP0055,Laminar Flow Hood,Clinical Solutions Ltd,Model-R629,SNOB7NBQW3,ROOM10,Available,05-04-2025,26142.66,07-06-2025,30-10-2025,13.6,Ultrasound
EQP0056,Operating Table,Advanced Medical Systems,Model-A993,SN6F1QW90T,ROOM02,Available,08-12-2024,174958.42,16-09-2024,01-11-2024,14.4,Andrology
EQP0057,Freezer,Clinical Solutions Ltd,Model-Y849,SN3VME942H,ROOM17,In Use,27-09-2020,17048.96,30-03-2024,08-07-2024,0.3,Embryology Lab
EQP0058,Operating Table,Precision Healthcare,Model-V755,SNGK3LV323,ROOM06,Available,06-06-2022,3740.89,06-03-2025,02-05-2025,6,Ultrasound
EQP0059,Time-lapse System,MedTech Solutions,Model-A382,SNWQT2EXWN,ROOM15,In Use,16-07-2020,40550.3,,,4.9,Surgery
EQP0060,Laminar Flow Hood,Healthcare Innovations,Model-T802,SNKJ1YTLVI,ROOM06,Available,12-11-2024,5563.05,27-07-2025,09-01-2026,9.5,Reproductive Endocrinology
EQP0061,Anesthesia Machine,Health Systems Pro,Model-D205,SNS98BP7C8,ROOM16,Retired,26-03-2025,21905.41,15-03-2025,22-05-2025,13.4,Andrology
EQP0062,Microscope,Clinical Solutions Ltd,Model-W800,SN8O5B8MS9,ROOM19,Available,13-08-2023,32729.13,12-01-2024,13-06-2024,2.8,Reproductive Endocrinology
EQP0063,Ultrasound Machine,Clinical Solutions Ltd,Model-N370,SNIHN0SOQV,ROOM04,Available,12-01-2023,30927.87,04-06-2024,01-12-2024,15.4,Andrology
EQP0064,Examination Bed,Clinical Solutions Ltd,Model-Y597,SNSH9CUCE5,ROOM16,Retired,12-08-2020,49182.22,29-09-2025,14-03-2026,5.2,Andrology
EQP0065,Examination Bed,Healthcare Innovations,Model-D420,SNYPGW00JY,ROOM11,Available,08-05-2025,32045.85,03-04-2024,14-08-2024,9.6,Counseling
EQP0066,Incubator,Advanced Medical Systems,Model-T606,SNYN9HT693,ROOM08,Available,25-04-2021,1682.31,28-07-2024,23-12-2024,5.1,Embryology Lab
EQP0067,Examination Bed,Health Systems Pro,Model-F664,SNLYZFIZDH,ROOM01,Available,03-07-2025,16968.9,12-08-2025,31-10-2025,14.2,Andrology
EQP0068,Ultrasound Machine,BioMed Corp,Model-Q488,SNAZ4LLS9K,ROOM06,Available,05-02-2024,43038.04,26-10-2024,21-02-2025,8.3,Surgery
EQP0069,Microscope,Medical Devices Inc,Model-L651,SNU50AP1WN,ROOM05,Maintenance,10-07-2021,26655.25,10-08-2024,25-12-2024,2.3,Embryology Lab
EQP0070,Embryo Transfer Catheter,Precision Healthcare,Model-O588,SNX89NADHE,ROOM11,Available,04-04-2024,38581.9,08-08-2024,24-01-2025,8.1,Surgery
EQP0071,Time-lapse System,Healthcare Innovations,Model-Z280,SNHRIPVTAB,ROOM05,Available,02-07-2022,10031.24,06-12-2024,14-04-2025,12.8,Andrology
EQP0072,Freezer,MedTech Solutions,Model-R997,SNYNHX2O3L,ROOM07,Available,23-02-2023,9282.58,27-01-2025,10-06-2025,13.3,Surgery
EQP0073,Laminar Flow Hood,Advanced Medical Systems,Model-T713,SN2EU0ESQU,ROOM09,Available,24-10-2023,40074.84,18-03-2025,06-05-2025,0.6,Nursing
EQP0074,Laser System,Clinical Solutions Ltd,Model-Z917,SN4HZWCFU9,ROOM04,Available,22-08-2020,19289.6,08-07-2024,08-10-2024,6.7,Embryology Lab
EQP0075,Laser System,MedTech Solutions,Model-V661,SNANL816LB,ROOM17,Available,26-10-2025,16636.09,16-03-2024,22-07-2024,12.2,Ultrasound
EQP0076,Incubator,Precision Healthcare,Model-I900,SND6QK06HO,ROOM09,Available,07-05-2022,32857.53,07-06-2025,08-11-2025,2.1,Reproductive Endocrinology
EQP0077,Examination Bed,MedTech Solutions,Model-Z411,SNHP2Z94HU,ROOM08,Available,30-09-2025,4720.23,15-03-2024,29-06-2024,11.2,Reproductive Endocrinology
EQP0078,Aspiration Needle,Clinical Solutions Ltd,Model-I573,SNVQ8L1S2G,ROOM06,Maintenance,09-01-2021,26754.86,03-02-2024,01-05-2024,1.7,Embryology Lab
EQP0079,Time-lapse System,BioMed Corp,Model-P976,SNMYLACYDC,ROOM11,Available,11-01-2021,35459.28,18-01-2024,08-03-2024,8.5,Ultrasound
EQP0080,Aspiration Needle,Healthcare Innovations,Model-B119,SNGOAJNEQ5,ROOM03,Available,25-02-2025,17862.1,15-04-2024,30-06-2024,12.1,Reproductive Endocrinology
EQP0081,Centrifuge,Precision Healthcare,Model-A176,,ROOM09,Available,08-05-2024,5457.65,27-07-2025,03-12-2025,1.3,Surgery
EQP0082,Centrifuge,Advanced Medical Systems,Model-W801,SN3BQFRB0N,ROOM12,Available,25-07-2022,37055.23,18-07-2025,17-10-2025,15.4,Andrology
EQP0083,Ultrasound Machine,Medical Devices Inc,Model-V176,SNEOGE9B4U,ROOM11,Available,15-02-2021,44045.81,,,3.3,Surgery
EQP0084,Microscope,Health Systems Pro,Model-N445,SNBOH5743F,ROOM08,Broken,26-08-2022,10875.28,05-04-2024,26-09-2024,0.8,Counseling
EQP0085,Time-lapse System,Health Systems Pro,Model-E798,SNI98NKHDL,ROOM13,Available,22-06-2025,15623.78,29-01-2024,30-05-2024,0.7,Surgery
